*vpn_servers,,,,,,,,,,,,,,
#HostName,IP,Score,Ping,Speed,CountryLong,CountryShort,NumVpnSessions,Uptime,TotalUsers,TotalTraffic,LogType,Operator,Message,OpenVPN_ConfigData_Base64
Public-vpn-1,167.71.203.127,2663489,20,30650313,Hongkong,hk,135,8880338437,1666939,72914417698957,2weeks,Daiyuu Nobori_ Japan. Academic Use Only.,,Y2xpZW50CmRldiB0dW4KcHJvdG8gdWRwCnNuZGJ1ZiAwCnJjdmJ1ZiAwCnJlbW90ZSAxNjcuNzEuMjAzLjEyNyAxMTk0CnJlc29sdi1yZXRyeSBpbmZpbml0ZQpub2JpbmQKcGVyc2lzdC1rZXkKcGVyc2lzdC10dW4KcmVtb3RlLWNlcnQtdGxzIHNlcnZlcgphdXRoIFNIQTUxMgpjaXBoZXIgQUVTLTI1Ni1DQkMKc2V0ZW52IG9wdCBibG9jay1vdXRzaWRlLWRucwprZXktZGlyZWN0aW9uIDEKdmVyYiAzCmF1dGgtbm9jYWNoZQo8Y2E+Ci0tLS0tQkVHSU4gQ0VSVElGSUNBVEUtLS0tLQpNSUlEUWpDQ0FpcWdBd0lCQWdJVU82dEwvRXBRTTVkUjc0YlY3QlJTK0hQVkk3MHdEUVlKS29aSWh2Y05BUUVMCkJRQXdFekVSTUE4R0ExVUVBd3dJUTJoaGJtZGxUV1V3SGhjTk1Ua3dPREV3TURZME56SXhXaGNOTWprd09EQTMKTURZME56SXhXakFUTVJFd0R3WURWUVFEREFoRGFHRnVaMlZOWlRDQ0FTSXdEUVlKS29aSWh2Y05BUUVCQlFBRApnZ0VQQURDQ0FRb0NnZ0VCQU1BSi9jYjBEc0ZzNE9PcjRoNjZVYThRa0NPeG4wTkdYVWw0N2F3TnZsVTE1K1g2CkZtcS9id0R0aWVoRVAySVF0UGpNWlorVG5xVFdrWFJIRkVjMnVLZmJaMlRZeWE3bHdPbWJCVXNHRytVK09jNmwKbUZudEFCTWJ0bkx6ZXBYTGpKcSsrT2dQWDAvR2NUR0EwclViOXl4ZEw0c2RDbFVmTnp6VVRxMnlyUnVLWmpEVQpnTE9CNW4wc2RjeWtIdDJhb25udEtRbmdlYklTcUZCcEEzMFJ2RXVXZDZIVkVmekRVWHAvRnFjUS9BV1YrMEt2CncyVS9VS05Jc1hCZ1lsMGsreHIrUDU0WkVidnRybGdwcXd6ZkNPTTkycFVZNmF4bGE0R2tYTjdlRFg2NFlma0IKcEFFSXJTTVhUV3lURnd3N0lGbUhJQjM0UHJlUml5aDlYckhUbVo4Q0F3RUFBYU9CalRDQmlqQWRCZ05WSFE0RQpGZ1FVQ1VDdi9RTkh4Q1BDM0FaZCtncE5SejFCUERJd1RnWURWUjBqQkVjd1JZQVVDVUN2L1FOSHhDUEMzQVpkCitncE5SejFCUERLaEY2UVZNQk14RVRBUEJnTlZCQU1NQ0VOb1lXNW5aVTFsZ2hRN3EwdjhTbEF6bDFIdmh0WHMKRkZMNGM5VWp2VEFNQmdOVkhSTUVCVEFEQVFIL01Bc0dBMVVkRHdRRUF3SUJCakFOQmdrcWhraUc5dzBCQVFzRgpBQU9DQVFFQXRwQ1ZlQ092WFgzbGNKUlVPTGFXSm5IVnRSUXlJYzlGYVhNT0c5VHRGRjJ4QTFTREZ2QTFmMlNUCi8vQ0F5REE0NnFDTFhMZVVJL1ZzR0hxVC9oY1Z2SnBackJFWGw4NzZuZEkrZWdxNFRweTEybGF3aWp0Qlo2YlAKc1dKckhFNkhOUVlITkxtK0dCVWZJWEVsZU1NLzgvamloNkNENEJPMjFIbjdnWG0xUUVpNXZOaGNPQ1J4eXV5bApvV3owTmdWZEFpQVVLNFRldFcrTlY3MDVpQ2pDUGFWMGRzcFZZVXFZbFNqbUN2S2xZVVlleVB0Q2p2aHo3ZUY2CkVvV1F1R3RvRmN2U1dBN3lGc005VnVSajRKdUZTL2dpOFBNU3ZNQWljZVhkRzdiaVhmUHRhU1c4ZXRFbDJHMmsKeS9KbzJ6Q0RuSkI5bkhpZTVIMlhEU3l6eTFJWUx3PT0KLS0tLS1FTkQgQ0VSVElGSUNBVEUtLS0tLQo8L2NhPgo8Y2VydD4KLS0tLS1CRUdJTiBDRVJUSUZJQ0FURS0tLS0tCk1JSURVakNDQWpxZ0F3SUJBZ0lRREUwMklsZVdVLzdOdCtzY2hYZXlHakFOQmdrcWhraUc5dzBCQVFzRkFEQVQKTVJFd0R3WURWUVFEREFoRGFHRnVaMlZOWlRBZUZ3MHhPVEE0TVRBeE1UUTRNRGxhRncweU9UQTRNRGN4TVRRNApNRGxhTUJVeEV6QVJCZ05WQkFNTUNuUmxjM1JqYkdsbGJuUXdnZ0VpTUEwR0NTcUdTSWIzRFFFQkFRVUFBNElCCkR3QXdnZ0VLQW9JQkFRQytGS2pMN0tKOE43SWJQUXlNM2VEU21yVi81SmtKQ1ZRTHMzclNTN1c1NWw2eHFiV1kKaVBEUDV1TytBRUg5anNtS3RLQUhDSThyMVdGUWVGRnp0UEM4aERxZG5yVUFKcmVIOUkzTUt4QnRWMUQ4TW1mWQplY0lwZlpXYS9iNUZkTFQyUnU3T1VOQzdWQ2taWG53SUxkS1R1eEM4Z0JRRGVKRUxUNGVFcm9TcW5QYUdkeXdYCkx0Qms1b0lkU3dMTzFoQ21yT3NGaGpkN1lmZFJYeTFYblFjazc4M0JwVk0wZFpqSGdmbEtJd0I1aGxkeTNmUnEKUUJXZWhXYVliZTZyVmZ3QUw0bExRbnBlNzFKZVVUWmRlSnBVUGxnK25jY3oyaXRobHlUeW1kUWtjQllDTHNybQpDRzBaZFhrZDIwdnVRNUNXc0M4amdmMTFZZXI1RGs5UlczelhBZ01CQUFHamdaOHdnWnd3Q1FZRFZSMFRCQUl3CkFEQWRCZ05WSFE0RUZnUVUzZ3U2QTZGemFSS1A0dHFvKzRNN3orUklEOFF3VGdZRFZSMGpCRWN3UllBVUNVQ3YKL1FOSHhDUEMzQVpkK2dwTlJ6MUJQREtoRjZRVk1CTXhFVEFQQmdOVkJBTU1DRU5vWVc1blpVMWxnaFE3cTB2OApTbEF6bDFIdmh0WHNGRkw0YzlVanZUQVRCZ05WSFNVRUREQUtCZ2dyQmdFRkJRY0RBakFMQmdOVkhROEVCQU1DCkI0QXdEUVlKS29aSWh2Y05BUUVMQlFBRGdnRUJBRng5Q2Vra21HVGtqN0JvUHhSTVlCSEFtUU80WTRuY00wMlAKcStxWXJrTnBybE9jVW9od21CRlV2RjBubXFmVFhxOERjRUFoTjNqdEhGZ0EzdjlsNUVDaDliRWo4YThiT0tqRwpWNUxCbDBlbzFDc2xPbjB2algzMTRBSm9uY1oyMFNQdVJzOWZoc3BmRVZtZHQ3ekdKVkdUQXV2WDRxZmdsTk1pCkwraUVQMCtOTStKeFFIeklnWlErV1k1REVJMnhLbm9KV1c4Q2s1bFRuNHdJRjhXdHE5UFNVT0pydW9xcko1RHkKVnQ4K1VzWDg4NGRvSlNHN0ZleDdCK1lWVE1lOXVMVmVsS0pMRTZRQ1M3QUhGS3hRbjYyNnRiSjhQVndTZkVSbQovS3JZNW5PVURLZGFwejl1WmkrOU1VMDQ4UjVRZ2VKc280c284bGo1bytKU3JaUCtpakE9Ci0tLS0tRU5EIENFUlRJRklDQVRFLS0tLS0KPC9jZXJ0Pgo8a2V5PgotLS0tLUJFR0lOIFBSSVZBVEUgS0VZLS0tLS0KTUlJRXZnSUJBREFOQmdrcWhraUc5dzBCQVFFRkFBU0NCS2d3Z2dTa0FnRUFBb0lCQVFDK0ZLakw3S0o4TjdJYgpQUXlNM2VEU21yVi81SmtKQ1ZRTHMzclNTN1c1NWw2eHFiV1lpUERQNXVPK0FFSDlqc21LdEtBSENJOHIxV0ZRCmVGRnp0UEM4aERxZG5yVUFKcmVIOUkzTUt4QnRWMUQ4TW1mWWVjSXBmWldhL2I1RmRMVDJSdTdPVU5DN1ZDa1oKWG53SUxkS1R1eEM4Z0JRRGVKRUxUNGVFcm9TcW5QYUdkeXdYTHRCazVvSWRTd0xPMWhDbXJPc0ZoamQ3WWZkUgpYeTFYblFjazc4M0JwVk0wZFpqSGdmbEtJd0I1aGxkeTNmUnFRQldlaFdhWWJlNnJWZndBTDRsTFFucGU3MUplClVUWmRlSnBVUGxnK25jY3oyaXRobHlUeW1kUWtjQllDTHNybUNHMFpkWGtkMjB2dVE1Q1dzQzhqZ2YxMVllcjUKRGs5UlczelhBZ01CQUFFQ2dnRUFVQmNvWUhSZXFuUlZTWURacnVrMmQ4YlVQd1UxTGtlTjhEZzV3aTVBYmdvUgpVRTZ2dzR1LzIvbnZiL2x2MU1TN1N3UjhnVG9zQ1U0cGFOeXBoVlZ5TWh5TkRpajNIdzh4T2NuampXbC96SEtFCkh4K2wvZUtmMnhlZFYrY2VxdWxYN29WSXpnbmpTV3RXdmVlLzN6cGZoZnZHTzRiRDZBcC9Jd0xwbVJCbnVmTWEKMHFJTVhYYnFmd0RzWk5NV3FpNWUrS2ZsZWR1YkNjM3FIQU9tZkNuaHloSzFZQmZNL2NQdmRwd3I3R2RmaE5MVQozWnZoQWMxaEdCNlVDT0dzcm9lUU9SMVlCYXZQaEhHdFNVdWFLZXprUWhkU0xyTEwxbDZkank0M2NzdmFReWt3CmJIbXhPcTlMZHlnekVOZ29ib2lVOGc4VU55WVJPZEpISTlzYndhL04wUUtCZ1FEdExIWEJtcTJYSFVkcnd4MSsKY21NN3BvU2RvYm40OGFCRXVkdWtoRFpxL2dkUGQzWGJ5eW5MMnFuMHZ0NTVXcFNCbUJiVDM0dVNxdVh6OWxaMApTbmh2UGF0MC9xV1VEbzl3UGZsMXpHbTZWUmFoWFFSYXZrNFFFWkpFZkhuUllFYi9RbitCeDNSZHpWYUJqOFF2ClZqaDlxQ2lwOW80YXdPMFRsWDhVQUdjdTdRS0JnUUROS3p4NnR1cW1haXRXNVowQ3Z0czFmNmgxYkQ0ZDVHN3kKMGRRWGhZRmRrMUNOWkw2RmJyMFlXS0M5dXJpd25WR3RweWJqSjRybGdOK25xcFlaeTNVTFFzNnQxSjF4NUFJTQpWZjQ5WDJVSTZJVWtQTjZBNzcrNTlEa2FGQlhFSkkvWlJOUXZncWpYMnNmdWx3UU8xSEVFMmxzdmRQdXJZTzZ2Cm5kVWkxWldlVXdLQmdRQ1hZeEduQ254VFFMVWQ2K1VmbVJRT056UGZDaVFTNnVoSjlmaGxBcDlabTl3K3RSbmQKdWNoci9wOE5RZWZ2dmdtY3p0K0RUZVZoTVFTbXZFNWkzRVlUZTJHOXcrMGNuRTZpYm15VTdHMXdLbS9QZi9nUAprL2x2K0VkTXY4ZGlCZnBMWkw3T3IrbHZGbXBwT01NWkZBZnE3VE5IaWNFYkFwcFJMZE4zaU9wVDRRS0JnUURHCmNwR1hLS0lpd1FLV2xKV2YrRGRUc2R5aFowZFY1b1FpUGk3bGFXN05zaFh5RFlYeXpqLzg4b3pYdDJtNCt4SHIKNDRmTG80M0htelc1bVZpQ0xyZFJZeGRDTUNyeDVGYk8wOGFNV2w4QmxOWmpUTFR6QmZMdXpIa0c3bkozTzk0ZgppMkdwYXJvaHZ5NHZhc2EwQ1d3Z0E0eTdoRzJCUU1yZDlzNFhXWHZVblFLQmdHcjRPREg0WU1CNlZwWG93S1FmCkN6ek0wMmt6WC9YcXhnTmNlUVd0Q3RrZzEwaWpUSlhXSXI0OEQzcGM4WUdsMUNTYXphSzZxaEoyN1U5eEh4S2IKTE5Yd1RIcklzb2luWi9qdmRWN0UzcVl2NXJRQlBaMUlSR1ZwNXZkZlJYRWdMN0F5RHpTczZ5RlNXTTVjTFRUMwpETlBlWWh2WXZYb0VxamRONXB2SlByVDYKLS0tLS1FTkQgUFJJVkFURSBLRVktLS0tLQo8L2tleT4KPHRscy1hdXRoPgotLS0tLUJFR0lOIE9wZW5WUE4gU3RhdGljIGtleSBWMS0tLS0tCmE3ZGUzZGNiNWRlMGNlNDdiYTVhN2MwZjQ4MTdhNjBjCjI2M2ZiN2ZhY2ZhNjRlYjM1N2Q0NTVhMGU5MGFhMjhjCjJhYWIzMDRkZmI0OWViMWRhZWEzNDdjYTA0MTg3YTAwCjkxN2Y5ZWE4NTcxYWM1NzEwYzY3YmFmY2FkNjEzNDdiCmE2N2YwNTQ2MTUzZWVjMTRhNDM4Yjc0OWU2Y2Q1MGZkCjA1NjJjOGZiMDE4NzI2NDNjZmVjMWU2YTE2MTViNTQ3CmQ3NDZhM2MzNDRlY2EyNjZhNGE5Y2FkY2IyNGMwZDA4CjIxNDIwOTk0YzU5NjZhMTJhMjQ2Y2I0MWI1NTk5NWUwCjk4YjE3ZDUzMTM1ZWFiYmIyNDE3YTExMzJjYWM3ZWEwCjMyNzFlNDc1MDQwMTc1YjEzNGM4ZjRkYmIwZGM5MTQ1CjA0Y2I4MWYzY2E5ZmQ3MjFjYzI1M2RmZjhlZDhjNzRiCmZmYTdiNjA1YmY3YTE4Njc0ZWVhOWQ5NmMwZDEwMGQ4CmE0ZTViYjYwNTlkZTYxNTRmZTRiNzBhNjQ2MDIxMjhkCmY4YzAxMjAzY2E0M2YzZDE3MjdlZWQ4ZDJlZjE3Nzk1CjU4NzJiNGYwOWQwY2Y4MTJmNzE5NjRhOTFhZGY3MTlhCmY2ODljNzQxY2M1NjQ2N2ExMTFkZjFmM2ZiYzMzOGU4Ci0tLS0tRU5EIE9wZW5WUE4gU3RhdGljIGtleSBWMS0tLS0tCjwvdGxzLWF1dGg+Cg==
Public-vpn-2,168.158.225.147,2248056,19,10831620,United State,us,153,10728593208,1580581,64751806277313,2weeks,Daiyuu Nobori_ Japan. Academic Use Only.,,IyMjIyMjIyMjIyMjIyMjIyMjIyMjIyMjIyMjIyMjIyMjIyMjIyMjIyMjIyMjIyMjIyMjIyMjIyMjIyMjIyMjIyMjIyMjIyMjIyMjIyMjIwojIE9wZW5WUE4gMi4wIFNhbXBsZSBDb25maWd1cmF0aW9uIEZpbGUKIyBmb3IgUGFja2V0aVggVlBOIC8gU29mdEV0aGVyIFZQTiBTZXJ2ZXIKIyAKIyAhISEgQVVUTy1HRU5FUkFURUQgQlkgU09GVEVUSEVSIFZQTiBTRVJWRVIgTUFOQUdFTUVOVCBUT09MICEhIQojIAojICEhISBZT1UgSEFWRSBUTyBSRVZJRVcgSVQgQkVGT1JFIFVTRSBBTkQgTU9ESUZZIElUIEFTIE5FQ0VTU0FSWSAhISEKIyAKIyBUaGlzIGNvbmZpZ3VyYXRpb24gZmlsZSBpcyBhdXRvLWdlbmVyYXRlZC4gWW91IG1pZ2h0IHVzZSB0aGlzIGNvbmZpZyBmaWxlCiMgaW4gb3JkZXIgdG8gY29ubmVjdCB0byB0aGUgUGFja2V0aVggVlBOIC8gU29mdEV0aGVyIFZQTiBTZXJ2ZXIuCiMgSG93ZXZlciwgYmVmb3JlIHlvdSB0cnkgaXQsIHlvdSBzaG91bGQgcmV2aWV3IHRoZSBkZXNjcmlwdGlvbnMgb2YgdGhlIGZpbGUKIyB0byBkZXRlcm1pbmUgdGhlIG5lY2Vzc2l0eSB0byBtb2RpZnkgdG8gc3VpdGFibGUgZm9yIHlvdXIgcmVhbCBlbnZpcm9ubWVudC4KIyBJZiBuZWNlc3NhcnksIHlvdSBoYXZlIHRvIG1vZGlmeSBhIGxpdHRsZSBhZGVxdWF0ZWx5IG9uIHRoZSBmaWxlLgojIEZvciBleGFtcGxlLCB0aGUgSVAgYWRkcmVzcyBvciB0aGUgaG9zdG5hbWUgYXMgYSBkZXN0aW5hdGlvbiBWUE4gU2VydmVyCiMgc2hvdWxkIGJlIGNvbmZpcm1lZC4KIyAKIyBOb3RlIHRoYXQgdG8gdXNlIE9wZW5WUE4gMi4wLCB5b3UgaGF2ZSB0byBwdXQgdGhlIGNlcnRpZmljYXRpb24gZmlsZSBvZgojIHRoZSBkZXN0aW5hdGlvbiBWUE4gU2VydmVyIG9uIHRoZSBPcGVuVlBOIENsaWVudCBjb21wdXRlciB3aGVuIHlvdSB1c2UgdGhpcwojIGNvbmZpZyBmaWxlLiBQbGVhc2UgcmVmZXIgdGhlIGJlbG93IGRlc2NyaXB0aW9ucyBjYXJlZnVsbHkuCgoKIyMjIyMjIyMjIyMjIyMjIyMjIyMjIyMjIyMjIyMjIyMjIyMjIyMjIyMjIyMjIyMjIyMjIyMjIyMjIyMjIyMjIyMjIyMjIyMjIyMjIyMjIwojIFNwZWNpZnkgdGhlIHR5cGUgb2YgdGhlIGxheWVyIG9mIHRoZSBWUE4gY29ubmVjdGlvbi4KIyAKIyBUbyBjb25uZWN0IHRvIHRoZSBWUE4gU2VydmVyIGFzIGEgIlJlbW90ZS1BY2Nlc3MgVlBOIENsaWVudCBQQyIsCiMgIHNwZWNpZnkgJ2RldiB0dW4nLiAoTGF5ZXItMyBJUCBSb3V0aW5nIE1vZGUpCiMKIyBUbyBjb25uZWN0IHRvIHRoZSBWUE4gU2VydmVyIGFzIGEgYnJpZGdpbmcgZXF1aXBtZW50IG9mICJTaXRlLXRvLVNpdGUgVlBOIiwKIyAgc3BlY2lmeSAnZGV2IHRhcCcuIChMYXllci0yIEV0aGVybmV0IEJyaWRnaW5lIE1vZGUpCgpkZXYgdHVuCgoKIyMjIyMjIyMjIyMjIyMjIyMjIyMjIyMjIyMjIyMjIyMjIyMjIyMjIyMjIyMjIyMjIyMjIyMjIyMjIyMjIyMjIyMjIyMjIyMjIyMjIyMjIwojIFNwZWNpZnkgdGhlIHVuZGVybHlpbmcgcHJvdG9jb2wgYmV5b25kIHRoZSBJbnRlcm5ldC4KIyBOb3RlIHRoYXQgdGhpcyBzZXR0aW5nIG11c3QgYmUgY29ycmVzcG9uZCB3aXRoIHRoZSBsaXN0ZW5pbmcgc2V0dGluZyBvbgojIHRoZSBWUE4gU2VydmVyLgojIAojIFNwZWNpZnkgZWl0aGVyICdwcm90byB0Y3AnIG9yICdwcm90byB1ZHAnLgoKcHJvdG8gdGNwCgoKIyMjIyMjIyMjIyMjIyMjIyMjIyMjIyMjIyMjIyMjIyMjIyMjIyMjIyMjIyMjIyMjIyMjIyMjIyMjIyMjIyMjIyMjIyMjIyMjIyMjIyMjIwojIFRoZSBkZXN0aW5hdGlvbiBob3N0bmFtZSAvIElQIGFkZHJlc3MsIGFuZCBwb3J0IG51bWJlciBvZgojIHRoZSB0YXJnZXQgVlBOIFNlcnZlci4KIyAKIyBZb3UgaGF2ZSB0byBzcGVjaWZ5IGFzICdyZW1vdGUgPEhPU1ROQU1FPiA8UE9SVD4nLiBZb3UgY2FuIGFsc28KIyBzcGVjaWZ5IHRoZSBJUCBhZGRyZXNzIGluc3RlYWQgb2YgdGhlIGhvc3RuYW1lLgojIAojIE5vdGUgdGhhdCB0aGUgYXV0by1nZW5lcmF0ZWQgYmVsb3cgaG9zdG5hbWUgYXJlIGEgImF1dG8tZGV0ZWN0ZWQKIyBJUCBhZGRyZXNzIiBvZiB0aGUgVlBOIFNlcnZlci4gWW91IGhhdmUgdG8gY29uZmlybSB0aGUgY29ycmVjdG5lc3MKIyBiZWZvcmVoYW5kLgojIAojIFdoZW4geW91IHdhbnQgdG8gY29ubmVjdCB0byB0aGUgVlBOIFNlcnZlciBieSB1c2luZyBUQ1AgcHJvdG9jb2wsCiMgdGhlIHBvcnQgbnVtYmVyIG9mIHRoZSBkZXN0aW5hdGlvbiBUQ1AgcG9ydCBzaG91bGQgYmUgc2FtZSBhcyBvbmUgb2YKIyB0aGUgYXZhaWxhYmxlIFRDUCBsaXN0ZW5lcnMgb24gdGhlIFZQTiBTZXJ2ZXIuCiMgCiMgV2hlbiB5b3UgdXNlIFVEUCBwcm90b2NvbCwgdGhlIHBvcnQgbnVtYmVyIG11c3Qgc2FtZSBhcyB0aGUgY29uZmlndXJhdGlvbgojIHNldHRpbmcgb2YgIk9wZW5WUE4gU2VydmVyIENvbXBhdGlibGUgRnVuY3Rpb24iIG9uIHRoZSBWUE4gU2VydmVyLgoKcmVtb3RlIDE2OC4xNTguMjI1LjE0NyA5OTUKCgojIyMjIyMjIyMjIyMjIyMjIyMjIyMjIyMjIyMjIyMjIyMjIyMjIyMjIyMjIyMjIyMjIyMjIyMjIyMjIyMjIyMjIyMjIyMjIyMjIyMjIyMjCiMgVGhlIEhUVFAvSFRUUFMgcHJveHkgc2V0dGluZy4KIyAKIyBPbmx5IGlmIHlvdSBoYXZlIHRvIHVzZSB0aGUgSW50ZXJuZXQgdmlhIGEgcHJveHksIHVuY29tbWVudCB0aGUgYmVsb3cKIyB0d28gbGluZXMgYW5kIHNwZWNpZnkgdGhlIHByb3h5IGFkZHJlc3MgYW5kIHRoZSBwb3J0IG51bWJlci4KIyBJbiB0aGUgY2FzZSBvZiB1c2luZyBwcm94eS1hdXRoZW50aWNhdGlvbiwgcmVmZXIgdGhlIE9wZW5WUE4gbWFudWFsLgoKO2h0dHAtcHJveHktcmV0cnkKO2h0dHAtcHJveHkgW3Byb3h5IHNlcnZlcl0gW3Byb3h5IHBvcnRdCgoKIyMjIyMjIyMjIyMjIyMjIyMjIyMjIyMjIyMjIyMjIyMjIyMjIyMjIyMjIyMjIyMjIyMjIyMjIyMjIyMjIyMjIyMjIyMjIyMjIyMjIyMjIwojIFRoZSBlbmNyeXB0aW9uIGFuZCBhdXRoZW50aWNhdGlvbiBhbGdvcml0aG0uCiMgCiMgRGVmYXVsdCBzZXR0aW5nIGlzIGdvb2QuIE1vZGlmeSBpdCBhcyB5b3UgcHJlZmVyLgojIFdoZW4geW91IHNwZWNpZnkgYW4gdW5zdXBwb3J0ZWQgYWxnb3JpdGhtLCB0aGUgZXJyb3Igd2lsbCBvY2N1ci4KIyAKIyBUaGUgc3VwcG9ydGVkIGFsZ29yaXRobXMgYXJlIGFzIGZvbGxvd3M6CiMgIGNpcGhlcjogW05VTEwtQ0lQSEVSXSBOVUxMIEFFUy0xMjgtQ0JDIEFFUy0xOTItQ0JDIEFFUy0yNTYtQ0JDIEJGLUNCQwojICAgICAgICAgIENBU1QtQ0JDIENBU1Q1LUNCQyBERVMtQ0JDIERFUy1FREUtQ0JDIERFUy1FREUzLUNCQyBERVNYLUNCQwojICAgICAgICAgIFJDMi00MC1DQkMgUkMyLTY0LUNCQyBSQzItQ0JDCiMgIGF1dGg6ICAgU0hBIFNIQTEgTUQ1IE1ENCBSTUQxNjAKCmNpcGhlciBBRVMtMTI4LUNCQwphdXRoIFNIQTEKCgojIyMjIyMjIyMjIyMjIyMjIyMjIyMjIyMjIyMjIyMjIyMjIyMjIyMjIyMjIyMjIyMjIyMjIyMjIyMjIyMjIyMjIyMjIyMjIyMjIyMjIyMjCiMgT3RoZXIgcGFyYW1ldGVycyBuZWNlc3NhcnkgdG8gY29ubmVjdCB0byB0aGUgVlBOIFNlcnZlci4KIyAKIyBJdCBpcyBub3QgcmVjb21tZW5kZWQgdG8gbW9kaWZ5IGl0IHVubGVzcyB5b3UgaGF2ZSBhIHBhcnRpY3VsYXIgbmVlZC4KCnJlc29sdi1yZXRyeSBpbmZpbml0ZQpub2JpbmQKcGVyc2lzdC1rZXkKcGVyc2lzdC10dW4KY2xpZW50CnZlcmIgMwojYXV0aC11c2VyLXBhc3MKCgojIyMjIyMjIyMjIyMjIyMjIyMjIyMjIyMjIyMjIyMjIyMjIyMjIyMjIyMjIyMjIyMjIyMjIyMjIyMjIyMjIyMjIyMjIyMjIyMjIyMjIyMjCiMgVGhlIGNlcnRpZmljYXRlIGZpbGUgb2YgdGhlIGRlc3RpbmF0aW9uIFZQTiBTZXJ2ZXIuCiMgCiMgVGhlIENBIGNlcnRpZmljYXRlIGZpbGUgaXMgZW1iZWRkZWQgaW4gdGhlIGlubGluZSBmb3JtYXQuCiMgWW91IGNhbiByZXBsYWNlIHRoaXMgQ0EgY29udGVudHMgaWYgbmVjZXNzYXJ5LgojIFBsZWFzZSBub3RlIHRoYXQgaWYgdGhlIHNlcnZlciBjZXJ0aWZpY2F0ZSBpcyBub3QgYSBzZWxmLXNpZ25lZCwgeW91IGhhdmUgdG8KIyBzcGVjaWZ5IHRoZSBzaWduZXIncyByb290IGNlcnRpZmljYXRlIChDQSkgaGVyZS4KCjxjYT4KLS0tLS1CRUdJTiBDRVJUSUZJQ0FURS0tLS0tCk1JSUYzakNDQThhZ0F3SUJBZ0lRQWYxdE1QeWp5bEdvRzd4a0RqVURMVEFOQmdrcWhraUc5dzBCQVF3RkFEQ0IKaURFTE1Ba0dBMVVFQmhNQ1ZWTXhFekFSQmdOVkJBZ1RDazVsZHlCS1pYSnpaWGt4RkRBU0JnTlZCQWNUQzBwbApjbk5sZVNCRGFYUjVNUjR3SEFZRFZRUUtFeFZVYUdVZ1ZWTkZVbFJTVlZOVUlFNWxkSGR2Y21zeExqQXNCZ05WCkJBTVRKVlZUUlZKVWNuVnpkQ0JTVTBFZ1EyVnlkR2xtYVdOaGRHbHZiaUJCZFhSb2IzSnBkSGt3SGhjTk1UQXcKTWpBeE1EQXdNREF3V2hjTk16Z3dNVEU0TWpNMU9UVTVXakNCaURFTE1Ba0dBMVVFQmhNQ1ZWTXhFekFSQmdOVgpCQWdUQ2s1bGR5QktaWEp6WlhreEZEQVNCZ05WQkFjVEMwcGxjbk5sZVNCRGFYUjVNUjR3SEFZRFZRUUtFeFZVCmFHVWdWVk5GVWxSU1ZWTlVJRTVsZEhkdmNtc3hMakFzQmdOVkJBTVRKVlZUUlZKVWNuVnpkQ0JTVTBFZ1EyVnkKZEdsbWFXTmhkR2x2YmlCQmRYUm9iM0pwZEhrd2dnSWlNQTBHQ1NxR1NJYjNEUUVCQVFVQUE0SUNEd0F3Z2dJSwpBb0lDQVFDQUVtVVhOZzdEMndpejBLeFhEWGJ0elNmVFRLMVFnMkhpcWlCTkNTMWtDZHpPaVovTVBhbnM5cy9CCjNQSFRzZFo3TnlnUkswZmFPY2E4T2htMFg2YTlmWjJqWTBLMmR2S3BPeXVSK09KdjBPd1dJSkFKUHVMb2RNa1kKdEpIVVltVGJmNk1HOFlnWWFwQWlQTHorRS9DSEZIdjI1QitPMU9SUnhoRm5SZ2hSeTRZVVZEKzhNLzUrYkp6LwpGcDBZdlZHT05hYW5ac2h5WjlzaFpySFVtM2dEd0ZBNjZNenczTHllVFA2dkJaWTFIMWRhdC8vTytUMjNMTGIyClZOM0k1eEk2VGE1TWlyZGNtclMzSUQzS2Z5STBybjQ3YUdZQlJPY0JUa1pUbXpOZzk1UytVemVRYzBQek1zTlQKNzl1cS9uUk9hY2RyakdDVDNzVEhETi9oTXE3TWt6dFJlSlZuaSs0OVZ2NE0wR2tQR3cvekpTWnJNMjMzYmtmNgpjMFBsZmc2bFpyRXBmREtFWTFXSnhBM0JrMVF3R1JPczAzMDNwK3RkT213MVhOdEIxeExhcVVrTDM5aUFpZ21UCllvNjFaczhsaU0yRXVMRS9wRGtQMlFLZTZ4Sk1sWHp6YXdXcFhoYUR6TGhuNHVnVG5jeGJndE5NcysxYi85N2wKYzZ3ak95MEF2elZWZEFsSjJFbFlHbitTTnVaUmtnN3pKbjBjVFJlOHlleERKdEMvUVY5QXFVUkU5Sm5uVjRlZQpVQjlYVktnKy9YUmpMN0ZRWlFubVdFSXVReHBNdFBBbFIxbjZCQjZUMUNaR1NsQ0JzdDYrZUxmOFp4WGh5VmVFCkhnOWoxdWxpdXRaZlZTN3FYTVlvQ0FRbE9iZ09LNm55VEpjY0J6OE5Vdlh0N3krQ0R3SURBUUFCbzBJd1FEQWQKQmdOVkhRNEVGZ1FVVTNtL1dxb3JTczlVZ09IWW04Q2Q4cklEWnNzd0RnWURWUjBQQVFIL0JBUURBZ0VHTUE4RwpBMVVkRXdFQi93UUZNQU1CQWY4d0RRWUpLb1pJaHZjTkFRRU1CUUFEZ2dJQkFGelVmQTNQOXdGOVFabGxESFBGClVwL0wrTStaQm44YjJrTVZuNTRDVlZlV0ZQRlNQQ2VIbENqdEh6b0JONkoyL0ZOUXdJU2J4bXRPdW93aFQ2S08KVldLUjgya1YyTHlJNDhTcUMvM3ZxT2xMVlNvR0lHMVZlQ2taN2w4d1hFc2tFVlgvSkpwdVhpb3I3Z3RObjMvMwpBVGlVRkpWREJ3bjdZS251SEtzU2pLQ2FYcWVZYWxsdGl6OEkrOGpSUmE4WUZXU1FFZzl6S0M3RjRpUk8vRmpzCjhQUkYvaUt6NnkrTzB0bEZZUVhCbDIrb2RuS1BpNHcycjc4TkJjNXhqZWFtYng5c3BuRml4ZGpRZzNJTThXY1IKaVF5Y0UweHlOTis4MVhIZnFuSGQ0YmxzakR3U1hXWGF2VmNTdGtOci8rWGVUV1lSVWMrWnJ1d1h0dWh4a1l6ZQpTZjdkTlhHaUZTZVVITTloNHlhN2I2Tm5KU0ZkNXQwZEN5NW9HenVDcit5RFo0WFVtRkYwc2JtWmdJbi9mM2daClhIbEtZQzZTUUs1TU55b3N5Y2RpeUE1ZDl6WmJ5dUFsSlFHMDNSb0huSGNBUDlEYzFldzkxUHE3UDh5RjFtOS8KcVMzZnVRTDM5WmVhdFRYYXcyZXdoMHFwS0o0amp2OWNKMnZoc0UvekIrNEFMdFJaaDh0U1FaWHE5RWZYN21SQgpWWHlOV1FLVjNXS2R3cm51V2loMGhLV2J0NURIREFmZjlZazJkRExXS01Hd3NBdmduRXpESE5iODQybTFSMGFCCkw2S0NxOU5qUkhERWpmOHRNN3F0ajN1MWNJaXVQaG5QUUNqWS9NaVF1MTJaSXZWUzVsakZINGd4USs2SUhkZkcKamp4RGFoMm5HTjU5UFJieFl2bktrS2o5Ci0tLS0tRU5EIENFUlRJRklDQVRFLS0tLS0KCjwvY2E+CgoKIyMjIyMjIyMjIyMjIyMjIyMjIyMjIyMjIyMjIyMjIyMjIyMjIyMjIyMjIyMjIyMjIyMjIyMjIyMjIyMjIyMjIyMjIyMjIyMjIyMjIyMjIwojIFRoZSBjbGllbnQgY2VydGlmaWNhdGUgZmlsZSAoZHVtbXkpLgojIAojIEluIHNvbWUgaW1wbGVtZW50YXRpb25zIG9mIE9wZW5WUE4gQ2xpZW50IHNvZnR3YXJlCiMgKGZvciBleGFtcGxlOiBPcGVuVlBOIENsaWVudCBmb3IgaU9TKSwKIyBhIHBhaXIgb2YgY2xpZW50IGNlcnRpZmljYXRlIGFuZCBwcml2YXRlIGtleSBtdXN0IGJlIGluY2x1ZGVkIG9uIHRoZQojIGNvbmZpZ3VyYXRpb24gZmlsZSBkdWUgdG8gdGhlIGxpbWl0YXRpb24gb2YgdGhlIGNsaWVudC4KIyBTbyB0aGlzIHNhbXBsZSBjb25maWd1cmF0aW9uIGZpbGUgaGFzIGEgZHVtbXkgcGFpciBvZiBjbGllbnQgY2VydGlmaWNhdGUKIyBhbmQgcHJpdmF0ZSBrZXkgYXMgZm9sbG93cy4KCjxjZXJ0PgotLS0tLUJFR0lOIENFUlRJRklDQVRFLS0tLS0KTUlJQ3hqQ0NBYTRDQVFBd0RRWUpLb1pJaHZjTkFRRUZCUUF3S1RFYU1CZ0dBMVVFQXhNUlZsQk9SMkYwWlVOcwphV1Z1ZEVObGNuUXhDekFKQmdOVkJBWVRBa3BRTUI0WERURXpNREl4TVRBek5EazBPVm9YRFRNM01ERXhPVEF6Ck1UUXdOMW93S1RFYU1CZ0dBMVVFQXhNUlZsQk9SMkYwWlVOc2FXVnVkRU5sY25ReEN6QUpCZ05WQkFZVEFrcFEKTUlJQklqQU5CZ2txaGtpRzl3MEJBUUVGQUFPQ0FROEFNSUlCQ2dLQ0FRRUE1aDJsZ1FRWVVqd29LWUpielZaQQo1VmNJR2Q1b3RQYy9xWlJNdDBLSXRDRkEwczlSd1JlTlZhOWZEUkZMUkJoY0lUT2x2M0ZCY1czRThoMVVzN1JECjRXOEdtSmU4emFwSm5Mc0QzOU9TTVJDelpKbmN6VzRPQ0gxUFpSWldLcUR0amxOY2E5QUY4YTY1alRtbER4Q1EKQ2pudExJV2s1T0xMVmtGdDkvdFNjYzFHRHRjaTU1b2ZoYU5BWU1QaUg3VjgrMWc2NnBHSFhBb1dLNkFRVkg2NwpYQ0tKbkdCNW5sUStIc01ZUFYvTzQ5TGQ5MVpOLzJ0SGtjYUxMeU50eXd4VlBSU3NSaDQ4MGpqdTBmY0NzdjZoCnAvMHlYblRCLy9tV3V0QkdwZFVsSWJ3aUlUYkFtcnNiWW5qaWdSdm5QcVgxUk5KVWJpOUZwNkMyYy9ISUZKR0QKeXdJREFRQUJNQTBHQ1NxR1NJYjNEUUVCQlFVQUE0SUJBUUNoTzVoZ2N3LzRvV2ZvRUZMdTlrQmExQi8va3hIOApoUWtDaFZObjhCUkM3WTBVUlFpdFBsM0RLRWVkOVVSQkRkZzJLT0F6NzdiYjZFTlBpbGlEK2E
zOFVKSElSTXFlClVCSGhsbE9ISXp2RGhIRmJhb3ZBTEJRY2VlQnpka1F4c0tRRVNLbVFtUjgzMjk1MFVDb3ZveVJCNjFVeUFWN2gKK21aaFlQR1JLWEtTSkk2czBFZ2cvQ3JpK0N3azRiakpmcmI1aFZzZTExeWg0RDlNSGh3U2ZDT0grMHo0aFBVVApGa3U3ZEdhdlVSTzVTVnhNbi9zTDZFbjVEK29TZVhrYWRIcERzK0FpcnltMllIaDE1aDAralBTT29SNnlpVnAvCjZ6WmVaa3JONDNrdVM3M0twS0RGamZGUGg4dDRyMWdPSWp0dGtOY1FxQmNjdXNucGxRN0hKcHNrCi0tLS0tRU5EIENFUlRJRklDQVRFLS0tLS0KCjwvY2VydD4KCjxrZXk+Ci0tLS0tQkVHSU4gUlNBIFBSSVZBVEUgS0VZLS0tLS0KTUlJRXBBSUJBQUtDQVFFQTVoMmxnUVFZVWp3b0tZSmJ6VlpBNVZjSUdkNW90UGMvcVpSTXQwS0l0Q0ZBMHM5Ugp3UmVOVmE5ZkRSRkxSQmhjSVRPbHYzRkJjVzNFOGgxVXM3UkQ0VzhHbUplOHphcEpuTHNEMzlPU01SQ3paSm5jCnpXNE9DSDFQWlJaV0txRHRqbE5jYTlBRjhhNjVqVG1sRHhDUUNqbnRMSVdrNU9MTFZrRnQ5L3RTY2MxR0R0Y2kKNTVvZmhhTkFZTVBpSDdWOCsxZzY2cEdIWEFvV0s2QVFWSDY3WENLSm5HQjVubFErSHNNWVBWL080OUxkOTFaTgovMnRIa2NhTEx5TnR5d3hWUFJTc1JoNDgwamp1MGZjQ3N2NmhwLzB5WG5UQi8vbVd1dEJHcGRVbElid2lJVGJBCm1yc2JZbmppZ1J2blBxWDFSTkpVYmk5RnA2QzJjL0hJRkpHRHl3SURBUUFCQW9JQkFFUlY3WDVBdnhBOHVSaUsKazhTSXBzRDBkWDFwSk9NSXdha1VWeXZjNEVmTjBEaEtSTmI0cllvU2lFR1RMeXpMcHlCYy9BMjhEbGttNWVPWQpmanpYZllrR3RZaS9GdHhrZzNPOXZjck1RNCs2aSt1R0hhSUwyckwrczRNcmZPOHYxeHY2K1dreTMzRUVHQ291ClFpd1ZHUkZRWG5Sb1E2Mk5CQ0ZiVU5MaG1Yd2RqMWFrWnpMVTRwNVI0ekEzUWhkeHdFSWF0Vkx0MCs3b3dMUTMKbFA4c2ZYaHBwUE9YalRxTUQ0UWtZd3pQQWE4L3pGN2FjbjRrcnlyVVA3UTZQQWZkMHpFVnFOeTlaQ1o5ZmZobwp6WGVkRmo0ODZJRm9jNWduVHAyTjZqc25WajRMQ0dJaGxWSGxZR296S0tGcUpjUVZHc0hDcXExb3oyempXNkxTCm9SWUlIZ0VDZ1lFQTh6WnJrQ3dOWVNYSnVPREozbS9oT0xWeGN4Z0p1d1hvaUVyV2QwRTQydlBhbmpqVk1obnQKS1k1bDhxR01KNkZoSzlMWXgycUNyZi9FMFh0VUFaMndWcTNPUlR5R25zTVdyZTl0TFlzNTVYK1pOMTBUYzc1ego0aGFjYlUwaHFLTjFIaURtc01SWTMvMk5hWkhveTdNS253SkpCYUc0OGw5Q0NUbFZ3TUhvY0lFQ2dZRUE4amJ5CmRHanhUSCs2WEhXTml6YjVTUmJaeEFueUVlSmVSd1RNaDBnR3p3R1BwSC9zWllHenl1MFN5U1hXQ25aaDNSZ3EKNXVMbE54dHJYcmxqWmx5aTJuUWRRZ3NxMllyV1VzMCt6Z1UrMjJ1UXNacFNBZnRtaFZydHZldDZNalZqYkJ5WQpEQURjaUVWVWRKWUlYaytxbkZVSnllcm9MSWtUajdXWUtaNlJqa3NDZ1lCb0NGSXdSRGVnNDJvSzg5UkZtbk9yCkx5bU5BcTQrMm9NaHNXbFZiNGVqV0lXZUFrOW5jK0dYVWZyWHN6UmhTMDFtVW5VNXI1eWdVdlJjYXJWL1QzVTcKVG5NWitJN1k0RGdXUklEZDUxem5oeElCdFlWNWovQy90ODVIanFPa0grOGI2UlRrYmNoYVgzbWF1N2ZwVWZkcwpGcTBuaElxNDJmaEVPOHNyZllZd2dRS0JnUUN5aGkxTi84dGFSd3BrKzMvSURFelF3amJmZHpVa1dXU0RrOVhzCkgvcGt1UkhXZlRNUDNmbFdxRVlnVy9MVzQwcGVXMkhEcTVpbWRWOCtBZ1p4ZS9YTWJhamk5TGd3ZjFSWTAwNW4KS3hhWlF6N3lxSHVwV2xMR0Y2OERQSHhrWlZWU2FnRG5WL3N6dFdYNlNGc0NxRlZueElYaWZYR0M0Y1c1Tm05Zwp2YThxNFFLQmdRQ0VoTFZlVWZkd0t2a1o5NGcvR0Z6NzMxWjJocmRWaGdNWmFVL3U2dDBWOTUrWWV6UE5DUVpCCndtRTlNbWxicTFlbURlUk9pdmpDZm9HaFIza1pYVzFwVEtsTGg2Wk1VUVVPcHB0ZFh2YThYeGZvcVF3YTNlbkEKTTdtdUJiRjBYTjdWTzgwaUpQditQbUlaZEVJQWtwd0tmaTIwMVlCK0JhZkNJdUd4SUY1MFZnPT0KLS0tLS1FTkQgUlNBIFBSSVZBVEUgS0VZLS0tLS0KCjwva2V5PgoK
Public-vpn-3,131.255.4.37,2217945,14,10714125,Canada,Ca,92,8880338003,1028147,39549790901994,2weeks,Daiyuu Nobori_ Japan. Academic Use Only.,,"###############################################################################
# OpenVPN 2.0 Sample Configuration File
# for PacketiX VPN / SoftEther VPN Server
# 
# !!! AUTO-GENERATED BY SOFTETHER VPN SERVER MANAGEMENT TOOL !!!
# 
# !!! YOU HAVE TO REVIEW IT BEFORE USE AND MODIFY IT AS NECESSARY !!!
# 
# This configuration file is auto-generated. You might use this config file
# in order to connect to the PacketiX VPN / SoftEther VPN Server.
# However, before you try it, you should review the descriptions of the file
# to determine the necessity to modify to suitable for your real environment.
# If necessary, you have to modify a little adequately on the file.
# For example, the IP address or the hostname as a destination VPN Server
# should be confirmed.
# 
# Note that to use OpenVPN 2.0, you have to put the certification file of
# the destination VPN Server on the OpenVPN Client computer when you use this
# config file. Please refer the below descriptions carefully.


###############################################################################
# Specify the type of the layer of the VPN connection.
# 
# To connect to the VPN Server as a ""Remote-Access VPN Client PC"",
#  specify 'dev tun'. (Layer-3 IP Routing Mode)
#
# To connect to the VPN Server as a bridging equipment of ""Site-to-Site VPN"",
#  specify 'dev tap'. (Layer-2 Ethernet Bridgine Mode)

dev tun


###############################################################################
# Specify the underlying protocol beyond the Internet.
# Note that this setting must be correspond with the listening setting on
# the VPN Server.
# 
# Specify either 'proto tcp' or 'proto udp'.

proto tcp


###############################################################################
# The destination hostname / IP address, and port number of
# the target VPN Server.
# 
# You have to specify as 'remote <HOSTNAME> <PORT>'. You can also
# specify the IP address instead of the hostname.
# 
# Note that the auto-generated below hostname are a ""auto-detected
# IP address"" of the VPN Server. You have to confirm the correctness
# beforehand.
# 
# When you want to connect to the VPN Server by using TCP protocol,
# the port number of the destination TCP port should be same as one of
# the available TCP listeners on the VPN Server.
# 
# When you use UDP protocol, the port number must same as the configuration
# setting of ""OpenVPN Server Compatible Function"" on the VPN Server.

remote 23.170.32.37 443


###############################################################################
# The HTTP/HTTPS proxy setting.
# 
# Only if you have to use the Internet via a proxy, uncomment the below
# two lines and specify the proxy address and the port number.
# In the case of using proxy-authentication, refer the OpenVPN manual.

;http-proxy-retry
;http-proxy [proxy server] [proxy port]


###############################################################################
# The encryption and authentication algorithm.
# 
# Default setting is good. Modify it as you prefer.
# When you specify an unsupported algorithm, the error will occur.
# 
# The supported algorithms are as follows:
#  cipher: [NULL-CIPHER] NULL AES-128-CBC AES-192-CBC AES-256-CBC BF-CBC
#          CAST-CBC CAST5-CBC DES-CBC DES-EDE-CBC DES-EDE3-CBC DESX-CBC
#          RC2-40-CBC RC2-64-CBC RC2-CBC
#  auth:   SHA SHA1 MD5 MD4 RMD160

cipher AES-128-CBC
auth SHA1


###############################################################################
# Other parameters necessary to connect to the VPN Server.
# 
# It is not recommended to modify it unless you have a particular need.

resolv-retry infinite
nobind
persist-key
persist-tun
client
verb 3
#auth-user-pass


###############################################################################
# The certificate file of the destination VPN Server.
# 
# The CA certificate file is embedded in the inline format.
# You can replace this CA contents if necessary.
# Please note that if the server certificate is not a self-signed, you have to
# specify the signer's root certificate (CA) here.

<ca>
-----BEGIN CERTIFICATE-----
MIIF3jCCA8agAwIBAgIQAf1tMPyjylGoG7xkDjUDLTANBgkqhkiG9w0BAQwFADCB
iDELMAkGA1UEBhMCVVMxEzARBgNVBAgTCk5ldyBKZXJzZXkxFDASBgNVBAcTC0pl
cnNleSBDaXR5MR4wHAYDVQQKExVUaGUgVVNFUlRSVVNUIE5ldHdvcmsxLjAsBgNV
BAMTJVVTRVJUcnVzdCBSU0EgQ2VydGlmaWNhdGlvbiBBdXRob3JpdHkwHhcNMTAw
MjAxMDAwMDAwWhcNMzgwMTE4MjM1OTU5WjCBiDELMAkGA1UEBhMCVVMxEzARBgNV
BAgTCk5ldyBKZXJzZXkxFDASBgNVBAcTC0plcnNleSBDaXR5MR4wHAYDVQQKExVU
aGUgVVNFUlRSVVNUIE5ldHdvcmsxLjAsBgNVBAMTJVVTRVJUcnVzdCBSU0EgQ2Vy
dGlmaWNhdGlvbiBBdXRob3JpdHkwggIiMA0GCSqGSIb3DQEBAQUAA4ICDwAwggIK
AoICAQCAEmUXNg7D2wiz0KxXDXbtzSfTTK1Qg2HiqiBNCS1kCdzOiZ/MPans9s/B
3PHTsdZ7NygRK0faOca8Ohm0X6a9fZ2jY0K2dvKpOyuR+OJv0OwWIJAJPuLodMkY
tJHUYmTbf6MG8YgYapAiPLz+E/CHFHv25B+O1ORRxhFnRghRy4YUVD+8M/5+bJz/
Fp0YvVGONaanZshyZ9shZrHUm3gDwFA66Mzw3LyeTP6vBZY1H1dat//O+T23LLb2
VN3I5xI6Ta5MirdcmrS3ID3KfyI0rn47aGYBROcBTkZTmzNg95S+UzeQc0PzMsNT
79uq/nROacdrjGCT3sTHDN/hMq7MkztReJVni+49Vv4M0GkPGw/zJSZrM233bkf6
c0Plfg6lZrEpfDKEY1WJxA3Bk1QwGROs0303p+tdOmw1XNtB1xLaqUkL39iAigmT
Yo61Zs8liM2EuLE/pDkP2QKe6xJMlXzzawWpXhaDzLhn4ugTncxbgtNMs+1b/97l
c6wjOy0AvzVVdAlJ2ElYGn+SNuZRkg7zJn0cTRe8yexDJtC/QV9AqURE9JnnV4ee
UB9XVKg+/XRjL7FQZQnmWEIuQxpMtPAlR1n6BB6T1CZGSlCBst6+eLf8ZxXhyVeE
Hg9j1uliutZfVS7qXMYoCAQlObgOK6nyTJccBz8NUvXt7y+CDwIDAQABo0IwQDAd
BgNVHQ4EFgQUU3m/WqorSs9UgOHYm8Cd8rIDZsswDgYDVR0PAQH/BAQDAgEGMA8G
A1UdEwEB/wQFMAMBAf8wDQYJKoZIhvcNAQEMBQADggIBAFzUfA3P9wF9QZllDHPF
Up/L+M+ZBn8b2kMVn54CVVeWFPFSPCeHlCjtHzoBN6J2/FNQwISbxmtOuowhT6KO
VWKR82kV2LyI48SqC/3vqOlLVSoGIG1VeCkZ7l8wXEskEVX/JJpuXior7gtNn3/3
ATiUFJVDBwn7YKnuHKsSjKCaXqeYalltiz8I+8jRRa8YFWSQEg9zKC7F4iRO/Fjs
8PRF/iKz6y+O0tlFYQXBl2+odnKPi4w2r78NBc5xjeambx9spnFixdjQg3IM8WcR
iQycE0xyNN+81XHfqnHd4blsjDwSXWXavVcStkNr/+XeTWYRUc+ZruwXtuhxkYze
Sf7dNXGiFSeUHM9h4ya7b6NnJSFd5t0dCy5oGzuCr+yDZ4XUmFF0sbmZgIn/f3gZ
XHlKYC6SQK5MNyosycdiyA5d9zZbyuAlJQG03RoHnHcAP9Dc1ew91Pq7P8yF1m9/
qS3fuQL39ZeatTXaw2ewh0qpKJ4jjv9cJ2vhsE/zB+4ALtRZh8tSQZXq9EfX7mRB
VXyNWQKV3WKdwrnuWih0hKWbt5DHDAff9Yk2dDLWKMGwsAvgnEzDHNb842m1R0aB
L6KCq9NjRHDEjf8tM7qtj3u1cIiuPhnPQCjY/MiQu12ZIvVS5ljFH4gxQ+6IHdfG
jjxDah2nGN59PRbxYvnKkKj9
-----END CERTIFICATE-----

</ca>


###############################################################################
# The client certificate file (dummy).
# 
# In some implementations of OpenVPN Client software
# (for example: OpenVPN Client for iOS),
# a pair of client certificate and private key must be included on the
# configuration file due to the limitation of the client.
# So this sample configuration file has a dummy pair of client certificate
# and private key as follows.

<cert>
-----BEGIN CERTIFICATE-----
MIICxjCCAa4CAQAwDQYJKoZIhvcNAQEFBQAwKTEaMBgGA1UEAxMRVlBOR2F0ZUNs
aWVudENlcnQxCzAJBgNVBAYTAkpQMB4XDTEzMDIxMTAzNDk0OVoXDTM3MDExOTAz
MTQwN1owKTEaMBgGA1UEAxMRVlBOR2F0ZUNsaWVudENlcnQxCzAJBgNVBAYTAkpQ
MIIBIjANBgkqhkiG9w0BAQEFAAOCAQ8AMIIBCgKCAQEA5h2lgQQYUjwoKYJbzVZA
5VcIGd5otPc/qZRMt0KItCFA0s9RwReNVa9fDRFLRBhcITOlv3FBcW3E8h1Us7RD
4W8GmJe8zapJnLsD39OSMRCzZJnczW4OCH1PZRZWKqDtjlNca9AF8a65jTmlDxCQ
CjntLIWk5OLLVkFt9/tScc1GDtci55ofhaNAYMPiH7V8+1g66pGHXAoWK6AQVH67
XCKJnGB5nlQ+HsMYPV/O49Ld91ZN/2tHkcaLLyNtywxVPRSsRh480jju0fcCsv6h
p/0yXnTB//mWutBGpdUlIbwiITbAmrsbYnjigRvnPqX1RNJUbi9Fp6C2c/HIFJGD
ywIDAQABMA0GCSqGSIb3DQEBBQUAA4IBAQChO5hgcw/4oWfoEFLu9kBa1B//kxH8
hQkChVNn8BRC7Y0URQitPl3DKEed9URBDdg2KOAz77bb6ENPiliD+a38UJHIRMqe
UBHhllOHIzvDhHFbaovALBQceeBzdkQxsKQESKmQmR832950UCovoyRB61UyAV7h
+mZhYPGRKXKSJI6s0Egg/Cri+Cwk4bjJfrb5hVse11yh4D9MHhwSfCOH+0z4hPUT
Fku7dGavURO5SVxMn/sL6En5D+oSeXkadHpDs+Airym2YHh15h0+jPSOoR6yiVp/
6zZeZkrN43kuS73KpKDFjfFPh8t4r1gOIjttkNcQqBccusnplQ7HJpsk
-----END CERTIFICATE-----

</cert>

<key>
-----BEGIN RSA PRIVATE KEY-----
MIIEpAIBAAKCAQEA5h2lgQQYUjwoKYJbzVZA5VcIGd5otPc/qZRMt0KItCFA0s9R
wReNVa9fDRFLRBhcITOlv3FBcW3E8h1Us7RD4W8GmJe8zapJnLsD39OSMRCzZJnc
zW4OCH1PZRZWKqDtjlNca9AF8a65jTmlDxCQCjntLIWk5OLLVkFt9/tScc1GDtci
55ofhaNAYMPiH7V8+1g66pGHXAoWK6AQVH67XCKJnGB5nlQ+HsMYPV/O49Ld91ZN
/2tHkcaLLyNtywxVPRSsRh480jju0fcCsv6hp/0yXnTB//mWutBGpdUlIbwiITbA
mrsbYnjigRvnPqX1RNJUbi9Fp6C2c/HIFJGDywIDAQABAoIBAERV7X5AvxA8uRiK
k8SIpsD0dX1pJOMIwakUVyvc4EfN0DhKRNb4rYoSiEGTLyzLpyBc/A28Dlkm5eOY
fjzXfYkGtYi/Ftxkg3O9vcrMQ4+6i+uGHaIL2rL+s4MrfO8v1xv6+Wky33EEGCou
QiwVGRFQXnRoQ62NBCFbUNLhmXwdj1akZzLU4p5R4zA3QhdxwEIatVLt0+7owLQ3
lP8sfXhppPOXjTqMD4QkYwzPAa8/zF7acn4kryrUP7Q6PAfd0zEVqNy9ZCZ9ffho
zXedFj486IFoc5gnTp2N6jsnVj4LCGIhlVHlYGozKKFqJcQVGsHCqq1oz2zjW6LS
oRYIHgECgYEA8zZrkCwNYSXJuODJ3m/hOLVxcxgJuwXoiErWd0E42vPanjjVMhnt
KY5l8qGMJ6FhK9LYx2qCrf/E0XtUAZ2wVq3ORTyGnsMWre9tLYs55X+ZN10Tc75z
4hacbU0hqKN1HiDmsMRY3/2NaZHoy7MKnwJJBaG48l9CCTlVwMHocIECgYEA8jby
dGjxTH+6XHWNizb5SRbZxAnyEeJeRwTMh0gGzwGPpH/sZYGzyu0SySXWCnZh3Rgq
5uLlNxtrXrljZlyi2nQdQgsq2YrWUs0+zgU+22uQsZpSAftmhVrtvet6MjVjbByY
DADciEVUdJYIXk+qnFUJyeroLIkTj7WYKZ6RjksCgYBoCFIwRDeg42oK89RFmnOr
LymNAq4+2oMhsWlVb4ejWIWeAk9nc+GXUfrXszRhS01mUnU5r5ygUvRcarV/T3U7
TnMZ+I7Y4DgWRIDd51znhxIBtYV5j/C/t85HjqOkH+8b6RTkbchaX3mau7fpUfds
Fq0nhIq42fhEO8srfYYwgQKBgQCyhi1N/8taRwpk+3/IDEzQwjbfdzUkWWSDk9Xs
H/pkuRHWfTMP3flWqEYgW/LW40peW2HDq5imdV8+AgZxe/XMbaji9Lgwf1RY005n
KxaZQz7yqHupWlLGF68DPHxkZVVSagDnV/sztWX6SFsCqFVnxIXifXGC4cW5Nm9g
va8q4QKBgQCEhLVeUfdwKvkZ94g/GFz731Z2hrdVhgMZaU/u6t0V95+YezPNCQZB
wmE9Mmlbq1emDeROivjCfoGhR3kZXW1pTKlLh6ZMUQUOpptdXva8XxfoqQwa3enA
M7muBbF0XN7VO80iJPv+PmIZdEIAkpwKfi201YB+BafCIuGxIF50Vg==
-----END RSA PRIVATE KEY-----

</key>

"
,,,,,,,,,,,,,,
,,,,,,,,,,,,,,
,,,,,,,,,,,,,,
,,,,,,,,,,,,,,
,,,,,,,,,,,,,,
,,,,,,,,,,,,,,
,,,,,,,,,,,,,,
,,,,,,,,,,,,,,
,,,,,,,,,,,,,,
,,,,,,,,,,,,,,
,,,,,,,,,,,,,,
,,,,,,,,,,,,,,
,,,,,,,,,,,,,,
,,,,,,,,,,,,,,
,,,,,,,,,,,,,,
,,,,,,,,,,,,,,
,,,,,,,,,,,,,,
,,,,,,,,,,,,,,
,,,,,,,,,,,,,,
,,,,,,,,,,,,,,
,,,,,,,,,,,,,,
,,,,,,,,,,,,,,
,,,,,,,,,,,,,,
,,,,,,,,,,,,,,
,,,,,,,,,,,,,,
,,,,,,,,,,,,,,
,,,,,,,,,,,,,,
,,,,,,,,,,,,,,
,,,,,,,,,,,,,,
,,,,,,,,,,,,,,
,,,,,,,,,,,,,,
,,,,,,,,,,,,,,
,,,,,,,,,,,,,,
,,,,,,,,,,,,,,
,,,,,,,,,,,,,,
,,,,,,,,,,,,,,
,,,,,,,,,,,,,,
,,,,,,,,,,,,,,
,,,,,,,,,,,,,,
,,,,,,,,,,,,,,
,,,,,,,,,,,,,,
,,,,,,,,,,,,,,
,,,,,,,,,,,,,,
,,,,,,,,,,,,,,
,,,,,,,,,,,,,,
,,,,,,,,,,,,,,
,,,,,,,,,,,,,,
,,,,,,,,,,,,,,
,,,,,,,,,,,,,,
,,,,,,,,,,,,,,
,,,,,,,,,,,,,,
,,,,,,,,,,,,,,
,,,,,,,,,,,,,,
,,,,,,,,,,,,,,
,,,,,,,,,,,,,,
,,,,,,,,,,,,,,
,,,,,,,,,,,,,,
,,,,,,,,,,,,,,
,,,,,,,,,,,,,,
,,,,,,,,,,,,,,
,,,,,,,,,,,,,,
,,,,,,,,,,,,,,
,,,,,,,,,,,,,,
,,,,,,,,,,,,,,
,,,,,,,,,,,,,,
,,,,,,,,,,,,,,
,,,,,,,,,,,,,,
,,,,,,,,,,,,,,
,,,,,,,,,,,,,,
,,,,,,,,,,,,,,
,,,,,,,,,,,,,,
,,,,,,,,,,,,,,
,,,,,,,,,,,,,,
,,,,,,,,,,,,,,
,,,,,,,,,,,,,,
,,,,,,,,,,,,,,
,,,,,,,,,,,,,,
,,,,,,,,,,,,,,
,,,,,,,,,,,,,,
,,,,,,,,,,,,,,
,,,,,,,,,,,,,,
,,,,,,,,,,,,,,
,,,,,,,,,,,,,,
,,,,,,,,,,,,,,
,,,,,,,,,,,,,,
,,,,,,,,,,,,,,
,,,,,,,,,,,,,,
,,,,,,,,,,,,,,
,,,,,,,,,,,,,,
,,,,,,,,,,,,,,
,,,,,,,,,,,,,,
,,,,,,,,,,,,,,
,,,,,,,,,,,,,,
,,,,,,,,,,,,,,
*,,,,,,,,,,,,,,
